-- phpMyAdmin SQL Dump
-- version 5.2.1
-- https://www.phpmyadmin.net/
--
-- Host: db
-- Tempo de geração: 13/07/2023 às 10:56
-- Versão do servidor: 8.0.33
-- Versão do PHP: 8.1.17

SET SQL_MODE = "NO_AUTO_VALUE_ON_ZERO";
START TRANSACTION;
SET FOREIGN_KEY_CHECKS = 0;
SET time_zone = "+00:00";


/*!40101 SET @OLD_CHARACTER_SET_CLIENT=@@CHARACTER_SET_CLIENT */;
/*!40101 SET @OLD_CHARACTER_SET_RESULTS=@@CHARACTER_SET_RESULTS */;
/*!40101 SET @OLD_COLLATION_CONNECTION=@@COLLATION_CONNECTION */;
/*!40101 SET NAMES utf8mb4 */;

--
-- Banco de dados: `db_unb`
--

--
-- Despejando dados para a tabela `avaliacoes`
--

INSERT INTO `avaliacoes` (`id`, `usuario`, `id_turma`, `professor_nota`, `professor_text`, `disciplina_nota`, `disciplina_text`, `data`) VALUES
(5, 1, 19567, 4, 'Teste de avaliacao de professor do aluno 1', 5, 'Teste de avaliacao da disciplina do aluno 1', '2023-07-13 10:50:34'),
(6, 2, 19567, 5, 'Top!', 5, 'Top!', '2023-07-13 10:51:10'),
(7, 3, 19621, 5, 'Otimas aulas', 5, 'Otimo tema', '2023-07-13 10:52:16'),
(8, 3, 19567, 0, 'TESTE DE AVALIACAO QUE VAI SER DENUNCIADA', 0, 'TESTE DE AVALIACAO QUE VAI SER DENUNCIADA', '2023-07-13 10:53:03');

--
-- Despejando dados para a tabela `denuncias`
--

INSERT INTO `denuncias` (`id`, `id_avaliacao`, `motivo`, `tratada`, `data`) VALUES
(3, 8, 'Esse aluno deu uma nota que nao faz sentido!', 0, '2023-07-13 10:53:29'),
(4, 6, 'DENUNCIA INVALIDA, SERA IGNORADA', 0, '2023-07-13 10:53:52'),
(5, 5, 'Outra denuncia invalida....', 0, '2023-07-13 10:54:10');

--
-- Despejando dados para a tabela `departamentos`
--

INSERT INTO `departamentos` (`cod`, `nome`) VALUES
(508, 'DEPTO CIÊNCIAS DA COMPUTAÇÃO - BRASÍLIA'),
(840, 'PROGRAMA DE PÓS-GRADUAÇÃO EM COMPUTAÇÃO APLICADA (PROFISSIONAL) - BRASÍLIA'),
(903, 'PROGRAMA DE PÓS-GRADUAÇÃO EM CIÊNCIAS DO COMPORTAMENTO - BRASÍLIA'),
(1225, 'PROGRAMA DE PÓS-GRADUAÇÃO EM ESTUDOS COMPARADOS SOBRE AS AMÉRICAS - BRASÍLIA');

--
-- Despejando dados para a tabela `disciplinas`
--

INSERT INTO `disciplinas` (`cod`, `nome`, `cod_depto`) VALUES
('CIC0002', 'FUNDAMENTOS TEÓRICOS DA COMPUTAÇÃO', 508),
('CIC0003', 'INTRODUÇÃO AOS SISTEMAS COMPUTACIONAIS', 508),
('CIC0004', 'ALGORITMOS E PROGRAMAÇÃO DE COMPUTADORES', 508),
('CIC0005', 'FORMAÇÃO DOCENTE EM COMPUTAÇÃO', 508),
('CIC0007', 'INTRODUÇÃO À CIÊNCIA DA COMPUTAÇÃO', 508),
('CIC0087', 'TOPICOS AVANCADOS EM COMPUTADORES', 508),
('CIC0090', 'ESTRUTURAS DE DADOS', 508),
('CIC0093', 'LINGUAGENS DE PROGRAMACAO', 508),
('CIC0095', 'TEORIA DA COMPUTACAO', 508),
('CIC0097', 'BANCOS DE DADOS', 508),
('CIC0099', 'ORGANIZAÇÃO E ARQUITETURA DE COMPUTADORES', 508),
('CIC0101', 'SISTEMAS DE INFORMACAO', 508),
('CIC0104', 'SOFTWARE BASICO', 508),
('CIC0105', 'ENGENHARIA DE SOFTWARE', 508),
('CIC0108', 'SISTEMAS OPERACIONAIS', 508),
('CIC0121', 'ARQUITETURAS AVANCADAS', 508),
('CIC0124', 'REDES DE COMPUTADORES', 508),
('CIC0130', 'INTRODUÇÃO AOS SISTEMAS EMBARCADOS', 508),
('CIC0133', 'PROGRAMACAO FUNCIONAL', 508),
('CIC0135', 'INTRODUCAO A INTELIGENCIA ARTIFICIAL', 508),
('CIC0142', 'INFORMATICA E SOCIEDADE', 508),
('CIC0143', 'ESTUDOS EM SISTEMAS DE INFORMACAO', 508),
('CIC0152', 'INTRODUCAO A MICROINFORMATICA', 508),
('CIC0155', 'TEORIA E PRATICA PEDAGOGICA EM INFORMATICA 1', 508),
('CIC0156', 'TEORIA E PRATICA PEDAGOGICA EM INFORMATICA 2', 508),
('CIC0157', 'PROJETO DE LICENCIATURA', 508),
('CIC0158', 'INFORMATICA APLICADA A EDUCACAO', 508),
('CIC0161', 'AUTÔMATOS E COMPUTABILIDADE', 508),
('CIC0169', 'PROGRAMAÇÃO COMPETITIVA', 508),
('CIC0176', 'INTRODUCAO AO PROCESSAMENTO DE IMAGENS', 508),
('CIC0177', 'ARQUITETURA DE PROCESSADORES DIGITAIS', 508),
('CIC0182', 'LÓGICA COMPUTACIONAL 1', 508),
('CIC0186', 'SISTEMAS DIGITAIS INTEGRADOS', 508),
('CIC0188', 'INTRODUÇÃO À ENGENHARIA DE COMPUTAÇÃO', 508),
('CIC0189', 'PROJETO E ANÁLISE DE ALGORITMOS', 508),
('CIC0191', 'INTRODUÇÃO AO DESENVOLVIMENTO DE JOGOS', 508),
('CIC0193', 'FUNDAMENTOS DE SISTEMAS INTELIGENTES', 508),
('CIC0196', 'PROCESSAMENTO DE SINAIS MULTIMÍDIA', 508),
('CIC0197', 'TECNICAS DE PROGRAMAÇÃO 1', 508),
('CIC0198', 'TECNICAS DE PROGRAMAÇÃO 2', 508),
('CIC0199', 'TEORIA E APLICAÇÃO DE GRAFOS', 508),
('CIC0200', 'METODOLOGIA CIENTÍFICA', 508),
('CIC0201', 'SEGURANÇA COMPUTACIONAL', 508),
('CIC0202', 'PROGRAMAÇÃO CONCORRENTE', 508),
('CIC0203', 'COMPUTAÇÃO EXPERIMENTAL', 508),
('CIC0204', 'COMPILADORES', 508),
('CIC0205', 'FUNDAMENTOS DE SISTEMAS OPERACIONAIS', 508),
('CIC0206', 'MÉTODOS DE PESQUISA NA LICENCIATURA EM COMPUTAÇÃO', 508),
('CIC0207', 'PROJETO INTERDISCIPLINAR DE LICENCIATURA EM COMPUTAÇÃO', 508),
('CIC0208', 'PRODUÇÃO DE MATERIAL DIDÁTICO', 508),
('CIC0209', 'SUPERVISÃO DE PRODUÇÃO DE MATERIAL DIDÁTICO', 508),
('CIC0212', 'SUPERVISÃO DE PRÁTICA PEDAGÓGICA EM COMPUTAÇÃO 1', 508),
('CIC0213', 'SUPERVISÃO DE PRÁTICA PEDAGÓGICA EM COMPUTAÇÃO 2', 508),
('CIC0214', 'ESTÁGIO SUPERVISIONADO EM LICENCIATURA EM COMPUTAÇÃO 1', 508),
('CIC0215', 'ESTÁGIO SUPERVISIONADO EM LICENCIATURA EM COMPUTAÇÃO 2', 508),
('CIC0216', 'ESTÁGIO SUPERVISIONADO EM LICENCIATURA EM COMPUTAÇÃO 3', 508),
('CIC0218', 'SUPERVISÃO DE ESTÁGIO EM LICENCIATURA EM COMPUTAÇÃO 1', 508),
('CIC0220', 'SUPERVISÃO DE ESTÁGIO  EM LICENCIATURA EM COMPUTAÇÃO 2', 508),
('CIC0222', 'SUPERVISÃO DE ESTÁGIO  EM LICENCIATURA EM COMPUTAÇÃO 3', 508),
('CIC0225', 'INTRODUÇÃO A SISTEMAS OPERACIONAIS', 508),
('CIC0226', 'DESENVOLVIMENTO DE APLICATIVOS', 508),
('CIC0227', 'PRÁTICAS EM COMPUTAÇÃO', 508),
('CIC0229', 'CIRCUITOS LÓGICOS', 508),
('CIC0231', 'LABORATÓRIO DE CIRCUITOS LÓGICOS', 508),
('CIC0234', 'MÉTODOS DE PROGRAMAÇÃO', 508),
('CIC0235', 'TELEINFORMÁTICA E REDES 1', 508),
('CIC0236', 'TELEINFORMÁTICA E REDES 2', 508),
('CIC0247', 'INTRODUÇÃO AO AMBIENTE UNIVERSITÁRIO NA COMPUTAÇÃO', 508),
('CIC0248', 'SISTEMAS DE TEMPO REAL', 508),
('CIC0256', 'PRÁTICA EXTENSIONISTA EM COMPUTAÇÃO A', 508),
('CIC0258', 'TÓPICOS ESPECIAIS EM PROGRAMAÇÃO COMPETITIVA', 508),
('CIC0269', 'PROCESSAMENTO DE LINGUAGEM NATURAL', 508),
('PPCA0002', 'FUNDAMENTOS DE BANCO DE DADOS', 840),
('PPCA0003', 'ANÁLISE ESTATÍSTICA DE DADOS E INFORMAÇÕES', 840),
('PPCA0004', 'MINERAÇÃO DE DADOS', 840),
('PPCA0005', 'FUNDAMENTOS EM PESQUISA OPERACIONAL', 840),
('PPCA0006', 'GESTÃO DE PROJETOS DE TI', 840),
('PPCA0013', 'ENGENHARIA DE REQUISITOS', 840),
('PPCA0014', 'ARQUITETURA E DESENHO DE SOFTWARE', 840),
('PPCA0015', 'CONSTRUÇÃO DE SOFTWARE', 840),
('PPCA0016', 'VERIFICAÇÃO, VALIDAÇÃO E TESTES DE SOFTWARE', 840),
('PPCA0017', 'TÓPICOS AVANÇADOS EM ENGENHARIA DE SOFTWARE', 840),
('PPCA0018', 'PESQUISA EM ENGENHARIA DE SOFTWARE', 840),
('PPCA0019', 'GOVERNANÇA E GESTÃO DE RISCO', 840),
('PPCA0020', 'GESTÃO DE RISCOS DE ATIVOS FÍSICOS E FINANCEIROS', 840),
('PPCA0021', 'MODELOS DE TOMADA DE DECISÃO E GESTÃO DE DESEMPENHO', 840),
('PPCA0022', 'GESTÃO DE RISCO DE PROJETOS', 840),
('PPCA0024', 'PESQUISA EM GESTÃO DE RISCO', 840),
('PPCA0025', 'BANCO DE DADOS MASSIVOS', 840),
('PPCA0026', 'MÉTODOS COMPUTACIONAIS INTENSIVOS PARA MINERAÇÃO DE DADOS', 840),
('PPCA0027', 'MINERAÇÃO DE DADOS MASSIVOS', 840),
('PPCA0028', 'NOÇÕES BÁSICAS DE SELEÇÃO DE AMOSTRAS', 840),
('PPCA0029', 'PESQUISA EM MINERAÇÃO DE DADOS', 840),
('PPCA0030', 'TÓPICOS AVANÇADOS EM MINERAÇÃO DE DADOS', 840),
('PPCA2211', 'ALGORITMOS E ESTRUTURAS DE DADOS', 840),
('PPCA3873', 'TÓPICOS AVANÇADOS EM GESTÃO DE RISCO', 840),
('PPGCDC0006', 'FUNDAMENTOS FILOSÓFICOS DAS CIÊNCIAS DO COMPORTAMENTO', 903),
('PPGCDC0007', 'TÉCNICAS DE ANÁLISE CONCEITUAL NAS CIÊNCIAS DO COMPORTAMENTO', 903),
('PPGCDC0008', 'NEUROCIÊNCIAS DO COMPORTAMENTO', 903),
('PPGCDC0010', 'REDAÇÃO E DIVULGAÇÃO DE PESQUISA EM PSICOLOGIA', 903),
('PPGCDC0097', 'ESTUDO DIRIGIDO INDIVIDUAL EM ANÁLISE DO COMPORTAMENTO', 903),
('PPGCDC0103', 'PESQUISA EM COGNIÇÃO E NEUROCIÊNCIAS', 903),
('PPGCDC0104', 'PESQUISA EM ANÁLISE DO COMPORTAMENTO', 903),
('PPGCDC0105', 'SEMINÁRIO EM CIÊNCIAS DO COMPORTAMENTO', 903),
('PPGCDC0106', 'CONTROLE DE ESTÍMULOS', 903),
('PPGCDC0126', 'NEUROPSICOLOGIA DO DESENVOLVIMENTO', 903),
('PPGCDC0128', 'COMPORTAMENTO, COGNIÇÃO E NEUROCIÊNCIAS', 903),
('PPGCDC0129', 'PLANEJAMENTO DE PESQUISA EM CIÊNCIAS DO COMPORTAMENTO', 903),
('PPGCDC0130', 'ESTATÍSTICA APLICADA A PSICOLOGIA', 903),
('PPGCDC0132', 'ESTUDO TEMÁTICO EM ANÁLISE DO COMPORTAMENTO', 903),
('PPGCDC0133', 'ESTUDO TEMÁTICO EM COGNIÇÃO E NEUROCIÊNCIAS', 903),
('PPGCDC0134', 'PESQUISA AVANÇADA EM ANÁLISE DO COMPORTAMENTO', 903),
('PPGCDC0135', 'PESQUISA AVANÇADA EM COGNIÇÃO E NEUROCIÊNCIAS', 903),
('PPGCDC2665', 'TÁTICAS DE ANÁLISE DO COMPORTAMENTO', 903),
('PPGCDC2666', 'ANÁLISE EXPERIMENTAL DO COMPORTAMENTO', 903),
('PPGCDC2676', 'QUESTÕES CONCEITUAIS DO BEHAVIORISMO', 903),
('PPGCDC2677', 'PROCESSOS COGNITIVOS', 903),
('PPGCDC2679', 'PSICOFARMACOLOGIA', 903),
('PPGCDC3311', 'ESTÁGIO SUPERVISIONADO DE DOCÊNCIA EM CIÊNCIAS DO COMPORTAMENTO', 903),
('PPGCDC3313', 'ESTUDO DIRIGIDO INDIVIDUAL EM COGNIÇÃO E NEUROCIÊNCIAS', 903),
('PPGCDC3315', 'ANÁLISE DO COMPORTAMENTO DO CONSUMIDOR', 903),
('PPGCDC3316', 'ECONOMIA COMPORTAMENTAL', 903),
('PPGCDC3318', 'TÓPICOS EM ANÁLISE DO COMPORTAMENTO', 903),
('PPGCDC3323', 'TÓPICOS EM COGNIÇÃO E NEUROCIÊNCIAS DO COMPORTAMENTO', 903),
('PPGECSA0099', 'SEMINÁRIO DE ELABORAÇÃO DE TESE 2', 1225),
('PPGECSA0109', 'TÓPICOS ESPECIAIS DE TEORIA ANTROPOLÓGICA 1', 1225),
('PPGECSA1862', 'PARADIGMAS EM CIÊNCIAS SOCIAIS', 1225),
('PPGECSA2233', 'METODOLOGIAS COMPARATIVAS DE PESQUISA', 1225),
('PPGECSA2411', 'TEORIA E MÉTODOS NAS CIÊNCIAS SOCIAIS', 1225),
('PPGECSA2412', 'SEMINÁRIO DE ELABORAÇÃO DE DISSERTAÇÃO 1', 1225),
('PPGECSA2413', 'TÓPICOS ESPECIAIS DE TEORIA ANTROPOLÓGICA 2', 1225),
('PPGECSA2414', 'TÓPICOS ESPECIAIS EM POLÍTICAS PÚBLICAS NAS AMÉRICAS 2', 1225),
('PPGECSA2415', 'ESTÁGIO DOCENTE EM ESTUDOS COMPARADOS SOBRE AS AMÉRICAS 1', 1225),
('PPGECSA2416', 'TÓPICOS ESPECIAIS EM CIÊNCIAS SOCIAIS 2', 1225),
('PPGECSA2529', 'SOCIEDADE, CULTURA E POLÍTICA NAS AMÉRICAS', 1225),
('PPGECSA2929', 'SEMINÁRIO DE ELABORAÇÃO DE DISSERTAÇÃO 2', 1225),
('PPGECSA2931', 'TÓPICOS ESPECIAIS DE TEORIA POLÍTICA 1', 1225),
('PPGECSA2933', 'ESTÁGIO DOCENTE EM ESTUDOS COMPARADOS SOBRE AS AMÉRICAS 2', 1225),
('PPGECSA2934', 'TÓPICOS ESPECIAIS EM CIÊNCIAS SOCIAIS A DISTÂNCIA 1', 1225),
('PPGECSA2936', 'TÓPICOS ESPECIAIS EM CIÊNCIAS SOCIAIS A DISTÂNCIA 3', 1225),
('PPGECSA3051', 'TÓPICOS ESPECIAIS EM POLÍTICA COMPARADA 1', 1225),
('PPGECSA3091', 'TÓPICOS ESPECIAIS  DE METODOLOGIA QUALITATIVA 2', 1225),
('PPGECSA3629', 'PENSAMENTO SOCIAL E POLÍTICO NA AMÉRICA LATINA', 1225),
('PPGECSA3862', 'SEMINÁRIO DE ELABORAÇÃO DE TESE 1', 1225);

--
-- Despejando dados para a tabela `disciplina_professor`
--

INSERT INTO `disciplina_professor` (`cod_disciplina`, `cod_professor`) VALUES
('CIC0002', 647),
('CIC0002', 648),
('CIC0002', 649),
('CIC0003', 650),
('CIC0004', 651),
('CIC0004', 652),
('CIC0004', 653),
('CIC0004', 654),
('CIC0004', 655),
('CIC0004', 656),
('CIC0004', 657),
('CIC0004', 658),
('CIC0004', 659),
('CIC0004', 660),
('CIC0004', 661),
('CIC0004', 662),
('CIC0004', 663),
('CIC0004', 664),
('CIC0004', 665),
('CIC0004', 666),
('CIC0004', 667),
('CIC0005', 668),
('CIC0007', 669),
('CIC0007', 670),
('CIC0087', 665),
('CIC0087', 671),
('CIC0090', 672),
('CIC0090', 673),
('CIC0090', 651),
('CIC0090', 659),
('CIC0090', 674),
('CIC0093', 675),
('CIC0093', 676),
('CIC0095', 649),
('CIC0097', 664),
('CIC0097', 677),
('CIC0099', 678),
('CIC0099', 679),
('CIC0099', 650),
('CIC0101', 680),
('CIC0104', 681),
('CIC0104', 675),
('CIC0105', 682),
('CIC0105', 671),
('CIC0108', 683),
('CIC0108', 665),
('CIC0124', 684),
('CIC0124', 662),
('CIC0124', 674),
('CIC0130', 647),
('CIC0133', 676),
('CIC0135', 685),
('CIC0142', 686),
('CIC0152', 663),
('CIC0155', 668),
('CIC0156', 687),
('CIC0156', 668),
('CIC0157', 688),
('CIC0158', 689),
('CIC0161', 648),
('CIC0169', 666),
('CIC0176', 681),
('CIC0177', 690),
('CIC0182', 691),
('CIC0182', 692),
('CIC0182', 693),
('CIC0186', 679),
('CIC0188', 694),
('CIC0189', 692),
('CIC0189', 688),
('CIC0191', 661),
('CIC0193', 695),
('CIC0196', 696),
('CIC0197', 682),
('CIC0197', 670),
('CIC0198', 697),
('CIC0199', 695),
('CIC0200', 696),
('CIC0201', 694),
('CIC0202', 672),
('CIC0203', 686),
('CIC0204', 689),
('CIC0205', 665),
('CIC0206', 698),
('CIC0207', 687),
('CIC0208', 698),
('CIC0209', 698),
('CIC0212', 668),
('CIC0213', 698),
('CIC0214', 668),
('CIC0215', 668),
('CIC0216', 668),
('CIC0218', 668),
('CIC0220', 668),
('CIC0222', 668),
('CIC0225', 699),
('CIC0226', 690),
('CIC0229', 700),
('CIC0229', 701),
('CIC0231', 700),
('CIC0231', 701),
('CIC0234', 688),
('CIC0235', 702),
('CIC0236', 673),
('CIC0247', 701),
('CIC0247', 664),
('CIC0248', 678),
('CIC0256', 700),
('CIC0258', 666),
('CIC0269', 666),
('PPGCDC0130', 2870),
('PPGCDC0130', 2871),
('PPCA0003', 2879),
('PPCA0004', 675),
('PPCA0025', 664),
('PPCA0027', 649),
('PPCA2211', 665),
('PPGECSA0099', 2906),
('PPGECSA0099', 2907),
('PPGECSA0099', 2908),
('PPGECSA2412', 2906),
('PPGECSA2412', 2907),
('PPGECSA2412', 2908),
('PPGECSA2929', 2906),
('PPGECSA2929', 2907),
('PPGECSA2929', 2908),
('PPGECSA3862', 2906),
('PPGECSA3862', 2907),
('PPGECSA3862', 2908),
('CIC0087', 650),
('CIC0087', 677),
('CIC0087', 683),
('CIC0090', 3050),
('CIC0097', 3051),
('CIC0108', 699),
('CIC0121', 679),
('CIC0143', 666),
('CIC0205', 683),
('CIC0218', 698),
('CIC0225', 665),
('CIC0227', 666),
('CIC0236', 684),
('CIC0247', 686),
('CIC0256', 702),
('PPGCDC0133', 2870),
('PPGCDC0135', 2870),
('PPCA0014', 3242),
('PPCA0015', 3243),
('PPCA0018', 687),
('PPCA0025', 675),
('PPCA0027', 657),
('PPCA0029', 683),
('PPCA0029', 675),
('PPCA0030', 649),
('PPGECSA0099', 3258),
('PPGECSA0099', 3259),
('PPGECSA2412', 3258),
('PPGECSA2412', 3259),
('PPGECSA2415', 2906),
('PPGECSA2415', 2907),
('PPGECSA2415', 2908),
('PPGECSA2415', 3258),
('PPGECSA2929', 3258),
('PPGECSA2929', 3259),
('PPGECSA2933', 3258),
('PPGECSA2933', 2906),
('PPGECSA2933', 2908),
('PPGECSA2933', 3259),
('PPGECSA2933', 2907),
('PPGECSA3091', 3259),
('PPGECSA3862', 3258),
('PPGECSA3862', 3259),
('CIC0002', 3322),
('CIC0004', 3323),
('CIC0004', 3050),
('CIC0004', 3324),
('CIC0090', 3322),
('CIC0097', 3323),
('CIC0105', 3325),
('CIC0124', 3050),
('CIC0135', 695),
('CIC0203', 677),
('CIC0205', 699),
('CIC0206', 686),
('CIC0209', 686),
('CIC0212', 698),
('CIC0213', 668),
('CIC0220', 698),
('CIC0222', 686),
('PPGCDC0103', 3476),
('PPGCDC3313', 3476),
('PPCA0005', 654),
('PPCA0006', 665),
('PPCA2211', 657),
('PPGECSA2936', 2907),
('PPGECSA3629', 2906);

--
-- Despejando dados para a tabela `professores`
--

INSERT INTO `professores` (`matricula`, `cod_depto`, `nome`) VALUES
(647, 508, 'PEDRO DE AZEVEDO BERGER'),
(648, 508, 'JORGE CARLOS LUCERO'),
(649, 508, 'THIAGO DE PAULO FALEIROS'),
(650, 508, 'MARCUS VINICIUS LAMAR'),
(651, 508, 'LUIS PAULO FAINA GARCIA'),
(652, 508, 'GIOVANNI ALMEIDA SANTOS'),
(653, 508, 'FABRICIO ATAIDES BRAZ'),
(654, 508, 'JOHN LENON CARDOSO GARDENGHI'),
(655, 508, 'DANIEL SUNDFELD LIMA'),
(656, 508, 'FABIANA FREITAS MENDES'),
(657, 508, 'BRUNO CESAR RIBAS'),
(658, 508, 'TIAGO ALVES DA FONSECA'),
(659, 508, 'GUILHERME NOVAES RAMOS'),
(660, 508, 'FRANK NED SANTA CRUZ DE OLIVEIRA'),
(661, 508, 'CARLA DENISE CASTANHO'),
(662, 508, 'LUCAS RODRIGUES COSTA'),
(663, 508, 'ALINE BARROS DE SOUSA'),
(664, 508, 'MARISTELA TERTO DE HOLANDA'),
(665, 508, 'EDISON ISHIKAWA'),
(666, 508, 'VINICIUS RUELA PEREIRA BORGES'),
(667, 508, 'NILTON CORREIA DA SILVA'),
(668, 508, 'MARIA DE FATIMA RAMOS BRANDAO'),
(669, 508, 'CAMILO CHANG DOREA'),
(670, 508, 'ROBERTA BARBOSA OLIVEIRA'),
(671, 508, 'GENAINA NUNES RODRIGUES'),
(672, 508, 'EDUARDO ADILIO PELINSON ALCHIERI'),
(673, 508, 'GERALDO PEREIRA ROCHA FILHO'),
(674, 508, 'MARCOS FAGUNDES CAETANO'),
(675, 508, 'MARCELO LADEIRA'),
(676, 508, 'VANDER RAMOS ALVES'),
(677, 508, 'EDNA DIAS CANEDO'),
(678, 508, 'FLAVIO DE BARROS VIDAL'),
(679, 508, 'RICARDO PEZZUOL JACOBI'),
(680, 508, 'FERNANDA LIMA'),
(681, 508, 'BRUNO LUIGGI MACCHIAVELLO ESPINOZA'),
(682, 508, 'FERNANDO ANTONIO DE ARAUJO CHACON DE ALBUQUERQUE'),
(683, 508, 'ALETEIA PATRICIA FAVACHO DE ARAUJO VON PAUMGARTTEN'),
(684, 508, 'PRISCILA AMERICA SOLIS MENDEZ BARRETO'),
(685, 508, 'LI WEIGANG'),
(686, 508, 'JORGE HENRIQUE CABRAL FERNANDES'),
(687, 508, 'LETICIA LOPES LEITE'),
(688, 508, 'JAN MENDONCA CORREA'),
(689, 508, 'GERMANA MENEZES DA NOBREGA'),
(690, 508, 'WILSON HENRIQUE VENEZIANO'),
(691, 508, 'MAURICIO AYALA RINCON'),
(692, 508, 'FLAVIO LEONARDO CAVALCANTI DE MOURA'),
(693, 508, 'CLAUDIA NALON'),
(694, 508, 'JOAO JOSE COSTA GONDIM'),
(695, 508, 'DIBIO LEANDRO BORGES'),
(696, 508, 'RICARDO LOPES DE QUEIROZ'),
(697, 508, 'RODRIGO BONIFACIO DE ALMEIDA'),
(698, 508, 'LIVIA SANTOS BRISOLLA'),
(699, 508, 'ALBA CRISTINA MAGALHAES ALVES DE MELO'),
(700, 508, 'CARLA MARIA CHAGAS E CAVALCANTE KOIKE'),
(701, 508, 'MARCELO GRANDI MANDELLI'),
(702, 508, 'MARCELO ANTONIO MAROTTA'),
(2870, 903, 'THIAGO GOMES NASCIMENTO'),
(2871, 903, 'BRENO GIOVANNI ADAID CASTRO'),
(2879, 840, 'JOAO GABRIEL DE MORAES SOUZA'),
(2906, 1225, 'ELIZABETH DEL SOCORRO RUANO IBARRA'),
(2907, 1225, 'PEDRO HENRIQUE DE MORAES CICERO'),
(2908, 1225, 'LIA ZANOTTA MACHADO'),
(3050, 508, 'GABRIEL DE CARVALHO FERREIRA'),
(3051, 508, 'EDUARDO CONDE PIRES'),
(3242, 840, 'Paulo Fonseca Merçon'),
(3243, 840, 'ALEXANDRE RODRIGUES GOMES'),
(3258, 1225, 'DELIA MARIA DUTRA DA SILVEIRA MARGALEF'),
(3259, 1225, 'ELISA DE SOUZA MARTINEZ'),
(3322, 508, 'DANIEL DE PAULA PORTO'),
(3323, 508, 'PEDRO GARCIA FREITAS'),
(3324, 508, 'ROSE YURI SHIMIZU'),
(3325, 508, 'GABRIEL SIQUEIRA RODRIGUES'),
(3476, 903, 'MAURO DIAS SILVA JUNIOR');

--
-- Despejando dados para a tabela `turmas`
--

INSERT INTO `turmas` (`id`, `periodo`, `cod_professor`, `cod_disciplina`, `turma`, `horario`, `local`) VALUES
(1352, '2022.1', 647, 'CIC0002', '01', '35N12', 'PAT AT 093'),
(1353, '2022.1', 648, 'CIC0002', '02', '35M12', 'PAT AT 124'),
(1354, '2022.1', 649, 'CIC0002', '03', '24N34', 'PAT AT 061'),
(1355, '2022.1', 650, 'CIC0003', '01', '35T23', 'PJC BT 053'),
(1356, '2022.1', 651, 'CIC0004', '01', '235M12', 'ICC BT 648'),
(1357, '2022.1', 652, 'CIC0004', '02', '46M34  2T23', 'FGA - SALA I9 E I10'),
(1358, '2022.1', 653, 'CIC0004', '03', '35M12  2T45', 'FGA - SALA I9 E I10'),
(1359, '2022.1', 655, 'CIC0004', '04', '46M34  2T23', 'FGA - SALA S10 e I10'),
(1360, '2022.1', 655, 'CIC0004', '05', '2M34  46T23', 'FGA - SALA S3 E I10'),
(1361, '2022.1', 659, 'CIC0004', '06', '3M12 5M1234', 'ICC AT 158/19'),
(1362, '2022.1', 661, 'CIC0004', '07', '235T45', 'PJC BT 068'),
(1363, '2022.1', 663, 'CIC0004', '08', '246T23', 'PJC BT 053'),
(1364, '2022.1', 663, 'CIC0004', '09', '246M34', 'PJC BT 147'),
(1365, '2022.1', 665, 'CIC0004', '10', '345N12', 'PJC BT 036'),
(1366, '2022.1', 666, 'CIC0004', '11', '345N12', 'ICC AT 118/7'),
(1367, '2022.1', 667, 'CIC0004', '12', '35M12  2T45', 'FGA - SALA S9 e S10'),
(1368, '2022.1', 668, 'CIC0005', '01', '35N34', 'PAT AT 045'),
(1369, '2022.1', 669, 'CIC0007', '01', '4T45 5T23', 'Auditório do Prédio CIC/EST'),
(1370, '2022.1', 670, 'CIC0007', '02', '3N12 4N34', 'Auditório do Prédio CIC/EST'),
(1371, '2022.1', 670, 'CIC0007', '03', '3N12 4N34', 'Auditório do Prédio CIC/EST'),
(1372, '2022.1', 669, 'CIC0007', '04', '3T23 6T45', 'BSAN A1 22/4'),
(1373, '2022.1', 669, 'CIC0007', '05', '3T23 6T45', 'BSAN A1 22/4'),
(1374, '2022.1', 670, 'CIC0007', '06', '3N12 4N34', 'Auditório do Prédio CIC/EST'),
(1375, '2022.1', 669, 'CIC0007', '07', '35T23', 'Auditório do Prédio CIC/EST'),
(1376, '2022.1', 669, 'CIC0007', '08', '4T45 5T23', 'Auditório do Prédio CIC/EST'),
(1377, '2022.1', 670, 'CIC0007', '09', '3N12 4N34', 'Auditório do Prédio CIC/EST'),
(1378, '2022.1', 669, 'CIC0007', '10', '35T23', 'Auditório do Prédio CIC/EST'),
(1379, '2022.1', 669, 'CIC0007', '11', '46T45', 'Auditório do Prédio CIC/EST'),
(1380, '2022.1', 669, 'CIC0007', '12', '46T45', 'Auditório do Prédio CIC/EST'),
(1381, '2022.1', 665, 'CIC0087', '04', '35N12', 'PAT AT 125'),
(1382, '2022.1', 671, 'CIC0087', '05', '6M1234', 'LES - Prédio CIC/EST'),
(1383, '2022.1', 672, 'CIC0090', '01', '46M34', 'ICC AT 144/9'),
(1384, '2022.1', 673, 'CIC0090', '02', '46N12', 'ICC BT 012/62'),
(1385, '2022.1', 651, 'CIC0090', '03', '35M34', 'PJC BT 069'),
(1386, '2022.1', 659, 'CIC0090', '04', '24T45', 'ICC BT 016/62'),
(1387, '2022.1', 674, 'CIC0090', '05', '35M34', 'ICC BT 016/62'),
(1388, '2022.1', 675, 'CIC0093', '01', '46N12', 'PAT AT 132'),
(1389, '2022.1', 676, 'CIC0093', '02', '24M12', 'PAT AT 060'),
(1390, '2022.1', 649, 'CIC0095', '01', '35N12', 'BSA N AT 49/41'),
(1391, '2022.1', 664, 'CIC0097', '01', '35T45', 'PAT AT 044'),
(1392, '2022.1', 677, 'CIC0097', '02', '35N12', 'PAT AT 101'),
(1393, '2022.1', 678, 'CIC0099', '01', '35M12', 'ICC AT 144/9'),
(1394, '2022.1', 679, 'CIC0099', '02', '35T23', 'PJC BT 044'),
(1395, '2022.1', 650, 'CIC0099', '03', '24T23', 'PJC BT 044'),
(1396, '2022.1', 680, 'CIC0101', '01', '35T23', 'PAT AT 060'),
(1397, '2022.1', 680, 'CIC0101', '02', '24N34', 'PAT AT 068'),
(1398, '2022.1', 681, 'CIC0104', '01', '46M34', 'PAT AT 092'),
(1399, '2022.1', 675, 'CIC0104', '02', '24M34', 'PAT AT 093'),
(1400, '2022.1', 682, 'CIC0105', '01', '24N12', 'PAT AT 133'),
(1401, '2022.1', 671, 'CIC0105', '02', '35M12', 'PAT AT 132'),
(1402, '2022.1', 665, 'CIC0108', '01', '246M12', 'PJC BT 092'),
(1403, '2022.1', 684, 'CIC0124', '01', '24T23', 'PAT AT 045'),
(1404, '2022.1', 662, 'CIC0124', '02', '35N34', 'PAT AT 052'),
(1405, '2022.1', 674, 'CIC0124', '03', '35M12', 'PAT AT 125'),
(1406, '2022.1', 647, 'CIC0130', '01', '35N34', 'ICC AT 164'),
(1407, '2022.1', 676, 'CIC0133', '01', '24M34', 'Sala Cida, ICC Centro - Módulo 14, Subsolo CSS-361'),
(1408, '2022.1', 685, 'CIC0135', '01', '24T23', 'PJC BT 061'),
(1409, '2022.1', 686, 'CIC0142', '01', '4N12', 'PJC BT 100'),
(1410, '2022.1', 686, 'CIC0142', '02', '6M34', 'ICC BT 192'),
(1411, '2022.1', 663, 'CIC0152', '01', '35M5  35T1', 'ICC BT 552'),
(1412, '2022.1', 668, 'CIC0155', '01', '2M5 2T1 4N34 6N12', 'PAT AT 140'),
(1413, '2022.1', 668, 'CIC0156', '01', '24M5  24T1  6N12', 'PAT AT 037'),
(1414, '2022.1', 688, 'CIC0157', '01', '2M12 3M12 4M12 5M12 6M12', 'Local à definir.'),
(1415, '2022.1', 689, 'CIC0158', '01', '24N12', 'PAT AT 124'),
(1416, '2022.1', 648, 'CIC0161', '01', '245T45', 'PAT AT 068'),
(1417, '2022.1', 666, 'CIC0169', '01', '35T23', 'ICC BT 027'),
(1418, '2022.1', 681, 'CIC0176', '01', '24T45', 'PJC BT 060'),
(1419, '2022.1', 690, 'CIC0177', '01', '35N12', 'ICC BT 620'),
(1420, '2022.1', 691, 'CIC0182', '01', '24T45', 'PJC BT 036'),
(1421, '2022.1', 692, 'CIC0182', '02', '24N12', 'PJC BT 140'),
(1422, '2022.1', 693, 'CIC0182', '03', '24T23', 'PJC BT 060'),
(1423, '2022.1', 679, 'CIC0186', '01', '24T45', 'PAT AT 132'),
(1424, '2022.1', 694, 'CIC0188', '01', '6M34', 'ICC ANF. 15'),
(1425, '2022.1', 692, 'CIC0189', '01', '35N12', 'PAT AT 108'),
(1426, '2022.1', 688, 'CIC0189', '02', '24T23', 'PAT AT 044'),
(1427, '2022.1', 661, 'CIC0191', '01', '24M5  24T1', 'PJC BT 117'),
(1428, '2022.1', 695, 'CIC0193', '01', '35T23', 'PJC BT 147'),
(1429, '2022.1', 696, 'CIC0196', '01', '24M34', 'PAT AT 124'),
(1430, '2022.1', 682, 'CIC0197', '01', '35M34', 'PAT AT 124'),
(1431, '2022.1', 670, 'CIC0197', '02', '35M34', 'PAT AT 117'),
(1432, '2022.1', 682, 'CIC0197', '03', '35N34', 'PAT AT 044'),
(1433, '2022.1', 697, 'CIC0198', '01', '35M12', 'PAT AT 117'),
(1434, '2022.1', 695, 'CIC0199', '01', '35M34', 'PJC BT 147'),
(1435, '2022.1', 696, 'CIC0200', '01', '6M34', 'PAT AT 021'),
(1436, '2022.1', 694, 'CIC0201', '01', '24M34', 'PAT AT 085'),
(1437, '2022.1', 694, 'CIC0201', '02', '24N12', 'PAT AT 125'),
(1438, '2022.1', 672, 'CIC0202', '01', '35M34', 'ICC BT 012/62'),
(1439, '2022.1', 686, 'CIC0203', '01', '35T23', 'PAT AT 053'),
(1440, '2022.1', 689, 'CIC0204', '01', '24T45', 'PJC BT 029'),
(1441, '2022.1', 665, 'CIC0205', '01', '24M12', 'PJC BT 085'),
(1442, '2022.1', 698, 'CIC0206', '01', '2N34', 'ICC AT 163/8'),
(1443, '2022.1', 687, 'CIC0207', '01', '7M12  6N12', 'PAT AT 028'),
(1444, '2022.1', 698, 'CIC0208', '01', '35M5  3T1 5T12', 'Local à definir.'),
(1445, '2022.1', 698, 'CIC0209', '01', '4N34', 'ICC BT 648'),
(1446, '2022.1', 668, 'CIC0212', '01', '6N123', 'ICC BT 192'),
(1447, '2022.1', 698, 'CIC0213', '01', '6N12', 'PAT AT 029'),
(1448, '2022.1', 668, 'CIC0214', '02', '7T6  6N34 7N1234', 'a definir'),
(1449, '2022.1', 668, 'CIC0215', '02', '7T6  6N34 7N1234', 'a definir'),
(1450, '2022.1', 668, 'CIC0216', '02', '7T6  6N34 7N1234', 'a definir'),
(1451, '2022.1', 668, 'CIC0218', '01', '6N12', 'BSA N A1 07/11'),
(1452, '2022.1', 668, 'CIC0220', '01', '6N12', 'Local à definir.'),
(1453, '2022.1', 668, 'CIC0222', '01', '6N12', 'Local à definir.'),
(1454, '2022.1', 699, 'CIC0225', '01', '24N12', 'BSA N AT 49/41'),
(1455, '2022.1', 690, 'CIC0226', '01', '35N34', 'PAT AT 076'),
(1456, '2022.1', 700, 'CIC0229', '01', '35M12', 'PJC BT 085'),
(1457, '2022.1', 701, 'CIC0229', '02', '35M12', 'PJC BT 092'),
(1458, '2022.1', 700, 'CIC0231', '01', '6M12', 'LINF 05'),
(1459, '2022.1', 701, 'CIC0231', '02', '5T45', 'LINF 05'),
(1460, '2022.1', 700, 'CIC0231', '03', '6M34', 'LINF 05'),
(1461, '2022.1', 701, 'CIC0231', '04', '6T23', 'LINF 05'),
(1462, '2022.1', 688, 'CIC0234', '01', '24T45', 'PAT AT 061'),
(1463, '2022.1', 702, 'CIC0235', '01', '24T45', 'PAT AT 069'),
(1464, '2022.1', 673, 'CIC0236', '01', '24T45', 'PAT AT 076'),
(1465, '2022.1', 664, 'CIC0247', '01', '5T6', 'Auditório do Prédio CIC/EST'),
(1466, '2022.1', 678, 'CIC0248', '01', '46M12', 'PJC BT 060'),
(1467, '2022.1', 700, 'CIC0256', '01', '24M34', 'Local à definir.'),
(1468, '2022.1', 666, 'CIC0258', '01', '6M34  6T23', 'Local à definir.'),
(1469, '2022.1', 666, 'CIC0269', '01', '35T45', 'a definir'),
(7496, '2022.1', 2871, 'PPGCDC0130', 'A', '4T2345', 'AT 46/8'),
(7636, '2022.1', 2879, 'PPCA0003', 'A', '6T23456', ''),
(7637, '2022.1', 675, 'PPCA0004', 'A', '7M1245', 'Módulo 14'),
(7644, '2022.1', 664, 'PPCA0025', 'A', '6M1234', 'Módulo 14'),
(7645, '2022.1', 649, 'PPCA0027', 'A', '6T2345', 'A definir'),
(7647, '2022.1', 665, 'PPCA2211', 'A', '6M1345', 'Módula 14'),
(8105, '2022.1', 2906, 'PPGECSA0099', 'E', '7T23', ''),
(8113, '2022.1', 2907, 'PPGECSA0099', 'P', '7T23', ''),
(8114, '2022.1', 2908, 'PPGECSA0099', 'Q', '7T23', ''),
(8118, '2022.1', 2906, 'PPGECSA2412', 'E', '6T23', ''),
(8127, '2022.1', 2907, 'PPGECSA2412', 'P', '6T23', ''),
(8128, '2022.1', 2908, 'PPGECSA2412', 'Q', '6T23', ''),
(8139, '2022.1', 2906, 'PPGECSA2929', 'E', '6T45', ''),
(8148, '2022.1', 2907, 'PPGECSA2929', 'P', '6T45', ''),
(8149, '2022.1', 2908, 'PPGECSA2929', 'Q', '6T45', ''),
(8159, '2022.1', 2906, 'PPGECSA3862', 'E', '7M12', ''),
(8168, '2022.1', 2907, 'PPGECSA3862', 'P', '7M12', ''),
(8169, '2022.1', 2908, 'PPGECSA3862', 'Q', '7M12', ''),
(10563, '2022.2', 647, 'CIC0002', '01', '35N12', 'PAT AT 044'),
(10564, '2022.2', 648, 'CIC0002', '02', '35M12', 'PAT AT 044'),
(10565, '2022.2', 649, 'CIC0002', '03', '24N34', 'PAT AT 029'),
(10566, '2022.2', 650, 'CIC0003', '01', '35T23', 'PJC BT 060'),
(10567, '2022.2', 651, 'CIC0004', '01', '235M12', 'PJC BT 108'),
(10568, '2022.2', 659, 'CIC0004', '02', '3M12 56M34', 'PJC BT 148'),
(10569, '2022.2', 661, 'CIC0004', '03', '235T45', 'PJC BT 085'),
(10570, '2022.2', 663, 'CIC0004', '04', '246T23', 'PJC BT 021'),
(10571, '2022.2', 662, 'CIC0004', '05', '2M34 4M1234', 'PJC BT 092'),
(10572, '2022.2', 665, 'CIC0004', '06', '256N12', 'PJC BT 108'),
(10573, '2022.2', 663, 'CIC0004', '07', '345N12', 'PJC BT 076'),
(10574, '2022.2', 652, 'CIC0004', '08', '46M34  2T23', '46M34(I-10/FGA) 2T23(I-9/FGA)'),
(10575, '2022.2', 653, 'CIC0004', '09', '35M12  2T45', '35M12(I-10/FGA) 2T45(I-9/FGA)'),
(10576, '2022.2', 655, 'CIC0004', '10', '46M34  2T23', '46M34(S-10/FGA) 2T23(I-10/FGA)'),
(10577, '2022.2', 655, 'CIC0004', '11', '2M34  46T23', ''),
(10578, '2022.2', 667, 'CIC0004', '12', '35M12  2T45', '35M12(S-10/FGA) 2T45(S-9/FGA)'),
(10579, '2022.2', 668, 'CIC0005', '01', '35N34', 'PAT AT 036'),
(10580, '2022.2', 669, 'CIC0007', '01', '3T23 6T45', 'BSA N A1 19/41'),
(10581, '2022.2', 669, 'CIC0007', '02', '46T45', '6T45(BSA N AT 09/41) 4T45(BSA N A1 19/41)'),
(10582, '2022.2', 670, 'CIC0007', '03', '3N12 4N34', 'ICC BT 168'),
(10583, '2022.2', 669, 'CIC0007', '04', '3T23 6T45', 'Auditório do Prédio CIC/EST'),
(10584, '2022.2', 669, 'CIC0007', '05', '35T23', 'Auditório do Prédio CIC/EST'),
(10585, '2022.2', 669, 'CIC0007', '06', '4T45 5T23', 'Auditório do Prédio CIC/EST'),
(10586, '2022.2', 670, 'CIC0007', '07', '3N12 4N34', 'Auditório do Prédio CIC/EST'),
(10587, '2022.2', 670, 'CIC0007', '08', '3N12 4N34', 'Auditório do Prédio CIC/EST'),
(10588, '2022.2', 669, 'CIC0007', '09', '4T45 5T23', 'Auditório do Prédio CIC/EST'),
(10589, '2022.2', 670, 'CIC0007', '10', '3N12 4N34', 'Auditório do Prédio CIC/EST'),
(10590, '2022.2', 669, 'CIC0007', '11', '35T23', 'Auditório do Prédio CIC/EST'),
(10591, '2022.2', 669, 'CIC0007', '12', '46T45', 'Auditório do Prédio CIC/EST'),
(10592, '2022.2', 650, 'CIC0087', '03', '24T45', 'PJC BT 108'),
(10593, '2022.2', 677, 'CIC0087', '04', '35T23', 'PJC BT 116'),
(10594, '2022.2', 665, 'CIC0087', '05', '35N12', 'PJC BT 147'),
(10595, '2022.2', 683, 'CIC0087', '06', '24M34', 'PJC BT 133'),
(10596, '2022.2', 651, 'CIC0090', '01', '35M34', 'PJC BT 133'),
(10597, '2022.2', 659, 'CIC0090', '02', '24T45', 'PJC BT 108'),
(10598, '2022.2', 674, 'CIC0090', '03', '35M34', 'PJC BT 147'),
(10599, '2022.2', 3050, 'CIC0090', '04', '46N12', 'PJC BT 019'),
(10600, '2022.2', 672, 'CIC0090', '05', '46M34', 'PJC BT 069'),
(10601, '2022.2', 675, 'CIC0093', '01', '24M12', 'PAT AT 037'),
(10602, '2022.2', 676, 'CIC0093', '02', '46N12', 'PAT AT 045'),
(10603, '2022.2', 649, 'CIC0095', '01', '35N12', 'PJC BT 132'),
(10604, '2022.2', 677, 'CIC0097', '01', '35T45', 'PAT AT 028'),
(10605, '2022.2', 3051, 'CIC0097', '02', '35N12', 'PAT AT 037'),
(10606, '2022.2', 678, 'CIC0099', '01', '35M12', 'PJC BT 124'),
(10607, '2022.2', 679, 'CIC0099', '02', '35T23', 'PJC BT 132'),
(10608, '2022.2', 650, 'CIC0099', '03', '24T23', 'PJC BT 044'),
(10609, '2022.2', 680, 'CIC0101', '01', '35T23', 'PAT AT 029'),
(10610, '2022.2', 680, 'CIC0101', '02', '24N34', 'PAT AT 036'),
(10611, '2022.2', 675, 'CIC0104', '01', '24M34', 'PAT AT 044'),
(10612, '2022.2', 681, 'CIC0104', '02', '46M34', 'PAT AT 045'),
(10613, '2022.2', 682, 'CIC0105', '01', '24N12', 'PAT AT 100'),
(10614, '2022.2', 671, 'CIC0105', '02', '35M12', 'PAT AT 037'),
(10615, '2022.2', 699, 'CIC0108', '01', '246M12', '2M12(PJC BT 092) 46M12(PJC BT 108)'),
(10616, '2022.2', 679, 'CIC0121', '01', '35M34', '3M34(PAT AT 108) 5M34(PJC BT 140)'),
(10617, '2022.2', 684, 'CIC0124', '01', '24T23', 'PAT AT 037'),
(10618, '2022.2', 662, 'CIC0124', '02', '35N34', 'PAT AT 037'),
(10619, '2022.2', 674, 'CIC0124', '03', '35M12', 'PAT AT 045'),
(10620, '2022.2', 647, 'CIC0130', '01', '35N34', 'PJC BT 069'),
(10621, '2022.2', 676, 'CIC0133', '01', '24M34', 'PJC BT 147'),
(10622, '2022.2', 685, 'CIC0135', '01', '24T23', 'PJC BT 036'),
(10623, '2022.2', 686, 'CIC0142', '01', '4N12', 'PJC BT 108'),
(10624, '2022.2', 686, 'CIC0142', '02', '6M34', 'PJC BT 021'),
(10625, '2022.2', 666, 'CIC0143', '01', '6N1234', 'LINF02'),
(10626, '2022.2', 663, 'CIC0152', '01', '35M5  35T1', 'PJC BT 012'),
(10627, '2022.2', 668, 'CIC0155', '01', '2M5 2T1 4N34 6N12', 'PAT AT 100'),
(10628, '2022.2', 687, 'CIC0156', '01', '24M5  24T1  6N12', 'PAT AT 053'),
(10629, '2022.2', 688, 'CIC0157', '01', '2M12 3M12 4M12 5M12 6M12', 'Local à definir.'),
(10630, '2022.2', 689, 'CIC0158', '01', '24N12', 'PAT AT 044'),
(10631, '2022.2', 648, 'CIC0161', '01', '245T45', 'PAT AT 029'),
(10632, '2022.2', 666, 'CIC0169', '01', '24T45', 'PJC BT 116'),
(10633, '2022.2', 681, 'CIC0176', '01', '24T45', 'PJC BT 101'),
(10634, '2022.2', 690, 'CIC0177', '01', '35N12', 'PJC BT 101'),
(10635, '2022.2', 691, 'CIC0182', '01', '24T45', 'PJC BT 076'),
(10636, '2022.2', 692, 'CIC0182', '02', '24N12', 'PJC BT 116'),
(10637, '2022.2', 694, 'CIC0188', '01', '6M34', 'ICC BT 006'),
(10638, '2022.2', 688, 'CIC0189', '01', '24T23', 'PAT AT 036'),
(10639, '2022.2', 692, 'CIC0189', '02', '35N12', 'PAT AT 045'),
(10640, '2022.2', 661, 'CIC0191', '01', '46T23', 'ICC ANF.14'),
(10641, '2022.2', 695, 'CIC0193', '01', '35T23', 'BSA N AT 29/41'),
(10642, '2022.2', 696, 'CIC0196', '01', '35T23', 'PAT AT 125'),
(10643, '2022.2', 682, 'CIC0197', '01', '35M34', 'PAT AT 085'),
(10644, '2022.2', 670, 'CIC0197', '02', '35M34', 'PAT AT 045'),
(10645, '2022.2', 682, 'CIC0197', '03', '35N34', 'PAT AT 045'),
(10646, '2022.2', 697, 'CIC0198', '01', '35M12', 'PAT AT 052'),
(10647, '2022.2', 695, 'CIC0199', '01', '35M34', 'PAT AT 156'),
(10648, '2022.2', 696, 'CIC0200', '01', '6M34', 'PAT AT 061'),
(10649, '2022.2', 694, 'CIC0201', '01', '24M34', 'PAT AT 037'),
(10650, '2022.2', 694, 'CIC0201', '02', '24N12', 'PAT AT 052'),
(10651, '2022.2', 672, 'CIC0202', '01', '35M34', 'LINF 5'),
(10652, '2022.2', 686, 'CIC0203', '01', '46T23', 'PAT AT 029'),
(10653, '2022.2', 689, 'CIC0204', '01', '24T45', 'PJC BT 068'),
(10654, '2022.2', 683, 'CIC0205', '01', '24M12', 'PJC BT 077'),
(10655, '2022.2', 698, 'CIC0206', '01', '2N34', 'PJC BT 069'),
(10656, '2022.2', 687, 'CIC0207', '01', '7M12  6N12', 'PAT AT 029'),
(10657, '2022.2', 698, 'CIC0208', '01', '35M5  3T1 5T12', 'PJC BT 020'),
(10658, '2022.2', 698, 'CIC0209', '01', '2N12', 'PJC BT 076'),
(10659, '2022.2', 668, 'CIC0212', '01', '6N123', 'PAT AT 037'),
(10660, '2022.2', 698, 'CIC0213', '01', '6N12', 'PAT AT 036'),
(10661, '2022.2', 698, 'CIC0218', '02', '6N34', 'PAT AT 029'),
(10662, '2022.2', 668, 'CIC0220', '01', '6N34', 'a definir'),
(10663, '2022.2', 668, 'CIC0222', '01', '6N34', 'PAT AT'),
(10664, '2022.2', 665, 'CIC0225', '01', '24N34', 'PJC BT 077'),
(10665, '2022.2', 690, 'CIC0226', '01', '35N34', 'PAT AT 117'),
(10666, '2022.2', 666, 'CIC0227', '01', '35T45', 'A definir'),
(10667, '2022.2', 700, 'CIC0229', '01', '24M34', 'PJC BT 093'),
(10668, '2022.2', 701, 'CIC0229', '02', '24M34', 'PJC BT 100'),
(10669, '2022.2', 700, 'CIC0231', '01', '6M12', 'LINF 05'),
(10670, '2022.2', 701, 'CIC0231', '02', '5T45', 'LINF 05'),
(10671, '2022.2', 700, 'CIC0231', '03', '6M34', 'LINF 05'),
(10672, '2022.2', 701, 'CIC0231', '04', '6T23', 'LINF 05'),
(10673, '2022.2', 688, 'CIC0234', '01', '24T45', 'PAT AT 036'),
(10674, '2022.2', 702, 'CIC0235', '01', '24M12', 'PAT AT 044'),
(10675, '2022.2', 684, 'CIC0236', '01', '24T45', 'PAT AT 037'),
(10676, '2022.2', 701, 'CIC0247', '01', '5T6', 'ICC ANF.13'),
(10677, '2022.2', 678, 'CIC0248', '01', '46M12', 'PJC BT 028'),
(10678, '2022.2', 702, 'CIC0256', '01', '24M34', 'PJC BT 108'),
(10679, '2022.2', 666, 'CIC0258', '01', '6M34  6T23', 'PJC BT 085'),
(16409, '2022.2', 2870, 'PPGCDC0133', '04', '7N34', 'A combinar com orientador'),
(16417, '2022.2', 2870, 'PPGCDC0135', '04', '7N12', 'A combinar com orientador'),
(16557, '2022.2', 3242, 'PPCA0014', '01', '6M5', 'Módulo 14'),
(16558, '2022.2', 3243, 'PPCA0015', '02', '3M5', 'ICC Centro, Módulo 14, subsolo'),
(16561, '2022.2', 687, 'PPCA0018', '01', '7T234', 'a definir'),
(16574, '2022.2', 675, 'PPCA0025', '01', '2M5', 'Módulo 14'),
(16576, '2022.2', 657, 'PPCA0027', '01', '2T1', 'Módulo 14'),
(16578, '2022.2', 683, 'PPCA0029', '01', '7M123', 'a definir'),
(16581, '2022.2', 675, 'PPCA0029', '05', '7M123', 'a definir'),
(16583, '2022.2', 649, 'PPCA0030', '01', '6M5', 'Módulo 14'),
(17037, '2022.2', 2907, 'PPGECSA0099', '03', '3M12', 'Multiuso II Primeiro Piso UnB'),
(17040, '2022.2', 3258, 'PPGECSA0099', '06', '5M12', 'Prédio Multiuso II - Térreo e Primeiro Piso (UnB)'),
(17041, '2022.2', 2906, 'PPGECSA0099', '07', '5M12', 'Prédio Multiuso II - Térreo e Primeiro Piso (UnB)'),
(17047, '2022.2', 2908, 'PPGECSA0099', '14', '5M12', 'Prédio Multiuso II - Térreo e Primeiro Piso (UnB)'),
(17049, '2022.2', 3259, 'PPGECSA0099', '16', '5M12', 'Prédio Multiuso II - Térreo e Primeiro Piso (UnB)'),
(17054, '2022.2', 3258, 'PPGECSA2412', '02', '5T12', 'Prédio Multiuso II - Térreo e Primeiro Piso (UnB)'),
(17055, '2022.2', 2906, 'PPGECSA2412', '03', '4T12', 'Prédio Multiuso II - Térreo e Primeiro Piso (UnB)'),
(17065, '2022.2', 2907, 'PPGECSA2412', '13', '5T34', 'Prédio Multiuso II - Térreo e Primeiro Piso (UnB)'),
(17067, '2022.2', 2908, 'PPGECSA2412', '15', '5N12', 'Prédio Multiuso II - Térreo e Primeiro Piso (UnB)'),
(17069, '2022.2', 3259, 'PPGECSA2412', '18', '6T12', 'Prédio Multiuso II - Térreo e Primeiro Piso (UnB)'),
(17072, '2022.2', 2906, 'PPGECSA2415', '02', '2M34', 'Prédio Multiuso II - Térreo e Primeiro Piso (UnB)'),
(17081, '2022.2', 2907, 'PPGECSA2415', '12', '2M12', 'Prédio Multiuso II - Térreo e Primeiro Piso (UnB)'),
(17082, '2022.2', 2908, 'PPGECSA2415', '13', '2M12', 'Prédio Multiuso II - Térreo e Primeiro Piso (UnB)'),
(17084, '2022.2', 3258, 'PPGECSA2415', '16', '3M12', 'Prédio Multiuso II - Térreo e Primeiro Piso (UnB)'),
(17090, '2022.2', 3258, 'PPGECSA2929', '02', '6M12', 'Prédio Multiuso II - Térreo e Primeiro Piso (UnB)'),
(17092, '2022.2', 2906, 'PPGECSA2929', '04', '6M12', 'Prédio Multiuso II - Térreo e Primeiro Piso (UnB)'),
(17100, '2022.2', 2907, 'PPGECSA2929', '13', '6M12', 'Prédio Multiuso II - Térreo e Primeiro Piso (UnB)'),
(17102, '2022.2', 2908, 'PPGECSA2929', '16', '6M12', 'Prédio Multiuso II - Térreo e Primeiro Piso (UnB)'),
(17104, '2022.2', 3259, 'PPGECSA2929', '18', '5N12', 'Prédio Multiuso II - Térreo e Primeiro Piso (UnB)'),
(17106, '2022.2', 3258, 'PPGECSA2933', '01', '2M1234', 'Prédio Multiuso II - Térreo e Primeiro Piso (UnB)'),
(17108, '2022.2', 2906, 'PPGECSA2933', '03', '3M1234', 'Prédio Multiuso II - Térreo e Primeiro Piso (UnB)'),
(17115, '2022.2', 2908, 'PPGECSA2933', '11', '3M1234', 'Prédio Multiuso II - Térreo e Primeiro Piso (UnB)'),
(17117, '2022.2', 3259, 'PPGECSA2933', '13', '3M1234', 'Prédio Multiuso II - Térreo e Primeiro Piso (UnB)'),
(17119, '2022.2', 2907, 'PPGECSA2933', '15', '2T3456', 'Prédio Multiuso II - Térreo e Primeiro Piso (UnB)'),
(17123, '2022.2', 3259, 'PPGECSA3091', '01', '4M1234', 'Prédio Multiuso II - Térreo e Primeiro Piso (UnB)'),
(17125, '2022.2', 3258, 'PPGECSA3862', '02', '4M12', 'Prédio Multiuso II - Térreo e Primeiro Piso (UnB)'),
(17126, '2022.2', 2906, 'PPGECSA3862', '03', '4M12', 'Prédio Multiuso II - Térreo e Primeiro Piso (UnB)'),
(17136, '2022.2', 2907, 'PPGECSA3862', '14', '4M12', 'Prédio Multiuso II - Térreo e Primeiro Piso (UnB)'),
(17137, '2022.2', 2908, 'PPGECSA3862', '15', '4M12', 'Prédio Multiuso II - Térreo e Primeiro Piso (UnB)'),
(17140, '2022.2', 3259, 'PPGECSA3862', '18', '4T12', 'Prédio Multiuso II - Térreo e Primeiro Piso (UnB)'),
(19526, '2023.1', 649, 'CIC0002', '01', '24N34', 'PAT AT 029'),
(19527, '2023.1', 648, 'CIC0002', '03', '35M12', 'PAT AT 037'),
(19528, '2023.1', 3322, 'CIC0002', '04', '35T23', 'PJC BT 020'),
(19529, '2023.1', 650, 'CIC0003', '01', '35T23', 'PJC BT 068'),
(19530, '2023.1', 663, 'CIC0004', '01', '246T23', 'PJC BT 028'),
(19531, '2023.1', 663, 'CIC0004', '02', '256N12', 'PJC BT 020'),
(19532, '2023.1', 659, 'CIC0004', '03', '3M12 56M34', 'PJC BT 092'),
(19533, '2023.1', 660, 'CIC0004', '04', '235T45', 'PJC BT 117'),
(19534, '2023.1', 3050, 'CIC0004', '05', '2M34 4M1234', 'PJC BT 068'),
(19535, '2023.1', 651, 'CIC0004', '06', '235M12', 'PJC BT 085'),
(19536, '2023.1', 3323, 'CIC0004', '07', '345N12', 'PJC BT 053'),
(19537, '2023.1', 652, 'CIC0004', '08', '46M34  2T23', 'FGA - SALA I9/SALA I10'),
(19538, '2023.1', 653, 'CIC0004', '09', '35M12  2T45', 'FGA - SALA I9 / SALA I10'),
(19539, '2023.1', 655, 'CIC0004', '10', '46M34  2T23', 'FGA - SALA I10/SALA S10'),
(19540, '2023.1', 3324, 'CIC0004', '11', '2M34  46T23', 'FGA - LAB MOCAP/SALA I10'),
(19541, '2023.1', 667, 'CIC0004', '12', '35M12  2T45', 'FGA - SALA S9/SALA S10'),
(19542, '2023.1', 668, 'CIC0005', '01', '35N34', 'PAT AT 021'),
(19543, '2023.1', 669, 'CIC0007', '01', '46T45', 'ICC ANF.19'),
(19544, '2023.1', 670, 'CIC0007', '02', '3N12 4N34', 'ICC ANF.19'),
(19545, '2023.1', 669, 'CIC0007', '03', '35T23', 'ICC ANF.19'),
(19546, '2023.1', 670, 'CIC0007', '04', '3N12 4N34', 'ICC ANF.19'),
(19547, '2023.1', 670, 'CIC0007', '05', '3N12 4N34', 'ICC ANF.19'),
(19548, '2023.1', 669, 'CIC0007', '06', '46T45', 'ICC ANF.19'),
(19549, '2023.1', 669, 'CIC0007', '07', '3T23 6T45', 'ICC ANF.19'),
(19550, '2023.1', 669, 'CIC0007', '08', '4T45 5T23', 'ICC ANF.19'),
(19551, '2023.1', 669, 'CIC0007', '09', '4T45 5T23', 'ICC ANF.19'),
(19552, '2023.1', 670, 'CIC0007', '10', '3N12 4N34', 'ICC ANF.19'),
(19553, '2023.1', 669, 'CIC0007', '11', '35T23', 'ICC ANF.19'),
(19554, '2023.1', 669, 'CIC0007', '12', '3T23 6T45', 'ICC ANF.19'),
(19555, '2023.1', 665, 'CIC0087', '03', '24N12', 'PJC BT 005'),
(19556, '2023.1', 683, 'CIC0087', '04', '24M34', 'BSA N A1 07/11'),
(19557, '2023.1', 651, 'CIC0090', '01', '35M34', 'PJC BT 021'),
(19558, '2023.1', 672, 'CIC0090', '02', '46M34', 'PJC BT 053'),
(19559, '2023.1', 659, 'CIC0090', '03', '24T45', 'PJC BT 036'),
(19560, '2023.1', 674, 'CIC0090', '04', '35M34', 'PJC BT 029'),
(19561, '2023.1', 3050, 'CIC0090', '05', '46N12', 'PJC BT 036'),
(19562, '2023.1', 3322, 'CIC0090', '06', '35T45', 'PJC BT 061'),
(19563, '2023.1', 676, 'CIC0093', '01', '24M12', 'PAT AT 021'),
(19564, '2023.1', 675, 'CIC0093', '02', '46N12', 'PAT AT 036'),
(19565, '2023.1', 649, 'CIC0095', '01', '35N12', 'PJC BT 124'),
(19566, '2023.1', 3323, 'CIC0097', '01', '35T45', 'PAT AT 021'),
(19567, '2023.1', 3323, 'CIC0097', '02', '35N12', 'PAT AT 036'),
(19568, '2023.1', 678, 'CIC0099', '01', '35M12', 'PJC BT 069'),
(19569, '2023.1', 679, 'CIC0099', '02', '35T23', 'PJC BT 069'),
(19570, '2023.1', 650, 'CIC0099', '03', '24T23', 'PJC BT 069'),
(19571, '2023.1', 680, 'CIC0101', '01', '35T23', 'PAT AT 053'),
(19572, '2023.1', 680, 'CIC0101', '02', '24N34', 'PAT AT 061'),
(19573, '2023.1', 681, 'CIC0104', '01', '46M34', 'PAT AT 069'),
(19574, '2023.1', 675, 'CIC0104', '02', '24M34', 'PAT AT 068'),
(19575, '2023.1', 682, 'CIC0105', '01', '24N12', 'PAT AT 085'),
(19576, '2023.1', 3325, 'CIC0105', '02', '35M12', 'PAT AT 124'),
(19577, '2023.1', 683, 'CIC0108', '01', '246M12', 'PJC BT 093'),
(19578, '2023.1', 684, 'CIC0124', '01', '24T23', 'PAT AT 037'),
(19579, '2023.1', 3050, 'CIC0124', '02', '35N34', 'PAT AT 028'),
(19580, '2023.1', 674, 'CIC0124', '03', '35M12', 'PAT AT 125'),
(19581, '2023.1', 685, 'CIC0135', '01', '24T23', 'PJC BT 053'),
(19582, '2023.1', 695, 'CIC0135', '02', '35T45', 'BSA N A1 29/41'),
(19583, '2023.1', 686, 'CIC0142', '02', '6M34', 'PJC BT 029'),
(19584, '2023.1', 663, 'CIC0152', '01', '35M5  35T1', 'PJC BT 012'),
(19585, '2023.1', 689, 'CIC0158', '01', '24N12', 'PAT AT 068'),
(19586, '2023.1', 648, 'CIC0161', '01', '245T45', 'PAT AT 053'),
(19587, '2023.1', 666, 'CIC0169', '01', '24T45', 'PJC BT 085'),
(19588, '2023.1', 681, 'CIC0176', '01', '24T45', 'PJC BT 044'),
(19589, '2023.1', 690, 'CIC0177', '01', '35N12', 'PJC BT 108'),
(19590, '2023.1', 691, 'CIC0182', '01', '24T45', 'PJC BT 028'),
(19591, '2023.1', 692, 'CIC0182', '02', '24N12', 'PJC BT 068'),
(19592, '2023.1', 679, 'CIC0186', '01', '35M34', 'PJC BT 044'),
(19594, '2023.1', 688, 'CIC0189', '01', '24T23', 'PAT AT 044'),
(19595, '2023.1', 692, 'CIC0189', '02', '35N12', 'PAT AT 068'),
(19596, '2023.1', 661, 'CIC0191', '01', '46T23', 'PAT AT 060'),
(19597, '2023.1', 682, 'CIC0197', '01', '35N34', 'PAT AT 029'),
(19598, '2023.1', 682, 'CIC0197', '02', '35M34', 'PAT AT 140'),
(19599, '2023.1', 670, 'CIC0197', '03', '35M34', 'PAT AT 124'),
(19600, '2023.1', 697, 'CIC0198', '01', '35M12', 'PAT AT 117'),
(19601, '2023.1', 695, 'CIC0199', '01', '35T23', 'BSA N AT 29/41'),
(19602, '2023.1', 696, 'CIC0200', '01', '6M34', 'PAT AT 045'),
(19603, '2023.1', 694, 'CIC0201', '01', '24M34', 'PAT AT 061'),
(19604, '2023.1', 694, 'CIC0201', '02', '24N12', 'PAT AT 069'),
(19605, '2023.1', 672, 'CIC0202', '01', '35M34', 'LINF 04'),
(19606, '2023.1', 677, 'CIC0203', '01', '35T45', 'PAT AT 060'),
(19607, '2023.1', 689, 'CIC0204', '01', '24T45', 'PJC BT 053'),
(19608, '2023.1', 699, 'CIC0205', '01', '24M12', 'PJC BT 092'),
(19609, '2023.1', 698, 'CIC0206', '03', '2N34', 'PJC BT 124'),
(19610, '2023.1', 687, 'CIC0207', '01', '7M12  6N12', 'PAT AT 029'),
(19611, '2023.1', 698, 'CIC0208', '01', '35M5  3T1 5T12', 'PJC BT 061'),
(19612, '2023.1', 686, 'CIC0209', '02', '2N12', 'PJC BT 124'),
(19613, '2023.1', 668, 'CIC0212', '01', '6N12', 'PAT AT 037'),
(19614, '2023.1', 668, 'CIC0213', '01', '6N12', 'PAT AT 044'),
(19615, '2023.1', 668, 'CIC0218', '01', '6N34', 'PAT AT 029'),
(19616, '2023.1', 698, 'CIC0218', '02', '6N34', 'PAT AT 020'),
(19617, '2023.1', 668, 'CIC0220', '01', '6N34', 'PAT AT 037'),
(19618, '2023.1', 698, 'CIC0220', '02', '6N34', 'PAT AT 036'),
(19619, '2023.1', 686, 'CIC0222', '01', '5N34', 'PAT AT 052'),
(19620, '2023.1', 665, 'CIC0225', '01', '24N34', 'PJC BT 085'),
(19621, '2023.1', 690, 'CIC0226', '01', '35N34', 'PAT AT 045'),
(19622, '2023.1', 700, 'CIC0229', '01', '24M34', 'PJC BT 077'),
(19623, '2023.1', 701, 'CIC0229', '02', '24M34', 'PJC BT 085'),
(19624, '2023.1', 700, 'CIC0231', '01', '6M12', 'LINF 5'),
(19625, '2023.1', 701, 'CIC0231', '02', '5T45', 'LINF 5'),
(19626, '2023.1', 700, 'CIC0231', '03', '6M34', 'LINF 5'),
(19627, '2023.1', 701, 'CIC0231', '04', '6T23', 'LINF 5'),
(19628, '2023.1', 688, 'CIC0234', '01', '24T45', 'PAT AT 044'),
(19629, '2023.1', 702, 'CIC0235', '01', '24M12', 'PAT AT 044'),
(19630, '2023.1', 684, 'CIC0236', '01', '24T45', 'PAT AT 045'),
(19631, '2023.1', 701, 'CIC0247', '01', '5T6', 'LINF 03'),
(19632, '2023.1', 678, 'CIC0248', '01', '46M12', 'PJC BT 060'),
(19633, '2023.1', 702, 'CIC0256', '01', '24M34', 'PJC BT 140'),
(19634, '2023.1', 666, 'CIC0258', '01', '6M34  6T23', 'PJC BT 124'),
(25332, '2023.1', 3476, 'PPGCDC0103', '08', '7M34', 'A definir'),
(25366, '2023.1', 3476, 'PPGCDC3313', '07', '7M12', 'A definir'),
(25472, '2023.1', 2879, 'PPCA0003', '01', '6T234', 'Módulo 14 - ICC Centro, Subsolo'),
(25473, '2023.1', 675, 'PPCA0004', '01', '7M123', 'Módulo 14 - ICC Centro, Subsolo'),
(25474, '2023.1', 654, 'PPCA0005', '01', '7M4', 'Módulo 14 - ICC Centro, Subsolo'),
(25475, '2023.1', 665, 'PPCA0006', '01', '6M5', 'Módulo 14 - ICC Centro, Subsolo'),
(25476, '2023.1', 657, 'PPCA2211', '02', '6T6', 'Módulo 14 - ICC Centro, Subsolo'),
(25910, '2023.1', 2906, 'PPGECSA2412', '05', '7M12', 'Prédio Multiuso II - Térreo e Primeiro Piso (UnB)'),
(25915, '2023.1', 2907, 'PPGECSA2412', '10', '7M12', 'Prédio Multiuso II - Térreo e Primeiro Piso (UnB)'),
(25916, '2023.1', 3259, 'PPGECSA2412', '11', '6N12', 'A DEFINIR'),
(25929, '2023.1', 2907, 'PPGECSA2936', '01', '3M1234', 'formato remoto');

--
-- Despejando dados para a tabela `usuarios`
--

INSERT INTO `usuarios` (`matricula`, `email`, `curso`, `nome`, `senha`, `is_admin`) VALUES
(1, '1', 'Curso do aluno 1', 'Aluno 1', '$2y$10$NYAZiWOltRWMmjNlB2b5QOtN3KRAWNnRUGKNDura0cBUY7BT6WmYq', 0),
(2, '2', 'Curso do Aluno 2', 'Aluno 2', '$2y$10$Csy.aIxj4XD9diKuEYl/ReEx3jNiNTIQVCsmh1w6oHQlfAPIs8.ui', 0),
(3, '3', 'Curso do aluno 3', 'Aluno 3', '$2y$10$S5l2Ifow.r4SArUSDkDvnO8TFRXz5gaCLfkam9jHvoPwFQ12/SRAy', 0),
(99, 'admin', 'ADMIN', 'ADMIN', '$2y$10$rMvZzx4wRbN18PWh7lFk1uy/1sC9PCEQNsrrKXMeeubIN9RQfAXlO', 1);

SET FOREIGN_KEY_CHECKS = 1;
COMMIT;

/*!40101 SET CHARACTER_SET_CLIENT=@OLD_CHARACTER_SET_CLIENT */;
/*!40101 SET CHARACTER_SET_RESULTS=@OLD_CHARACTER_SET_RESULTS */;
/*!40101 SET COLLATION_CONNECTION=@OLD_COLLATION_CONNECTION */;
